{"assets/fonts/open-sans/OpenSans-Bold.ttf":["assets/fonts/open-sans/OpenSans-Bold.ttf"],"assets/fonts/open-sans/OpenSans-Italic.ttf":["assets/fonts/open-sans/OpenSans-Italic.ttf"],"assets/fonts/open-sans/OpenSans-Light.ttf":["assets/fonts/open-sans/OpenSans-Light.ttf"],"assets/fonts/open-sans/OpenSans-LightItalic.ttf":["assets/fonts/open-sans/OpenSans-LightItalic.ttf"],"assets/fonts/open-sans/OpenSans-Regular.ttf":["assets/fonts/open-sans/OpenSans-Regular.ttf"],"assets/fonts/open-sans/OpenSans-Semibold.ttf":["assets/fonts/open-sans/OpenSans-Semibold.ttf"],"assets/fonts/open-sans/OpenSans-SemiboldItalic.ttf":["assets/fonts/open-sans/OpenSans-SemiboldItalic.ttf"],"assets/fonts/poppins/FontsFree-Net-Poppins-ExtraBold.ttf":["assets/fonts/poppins/FontsFree-Net-Poppins-ExtraBold.ttf"],"assets/fonts/poppins/Poppins-Bold.ttf":["assets/fonts/poppins/Poppins-Bold.ttf"],"assets/fonts/poppins/Poppins-Light.ttf":["assets/fonts/poppins/Poppins-Light.ttf"],"assets/fonts/poppins/Poppins-Medium.ttf":["assets/fonts/poppins/Poppins-Medium.ttf"],"assets/fonts/poppins/Poppins-Regular.ttf":["assets/fonts/poppins/Poppins-Regular.ttf"],"assets/fonts/poppins/Poppins-SemiBold.ttf":["assets/fonts/poppins/Poppins-SemiBold.ttf"],"assets/new_file.riv":["assets/new_file.riv"],"images/Ellipse70.png":["images/Ellipse70.png"],"images/Ellipse71.png":["images/Ellipse71.png"],"images/Ellipse72.png":["images/Ellipse72.png"],"images/Freetextbook.png":["images/Freetextbook.png"],"images/Herobanner1.jpg":["images/Herobanner1.jpg"],"images/Logo_WEB_JPG.jpg":["images/Logo_WEB_JPG.jpg"],"images/Settings.png":["images/Settings.png"],"images/Untitled-1v.png":["images/Untitled-1v.png"],"images/Untitled-1vn.png":["images/Untitled-1vn.png"],"images/Untitled-1x.png":["images/Untitled-1x.png"],"images/Untitled-b.png":["images/Untitled-b.png"],"images/YOLO.png":["images/YOLO.png"],"images/Yoloskills.png":["images/Yoloskills.png"],"images/about.png":["images/about.png"],"images/aboutus_bannar.png":["images/aboutus_bannar.png"],"images/b2elogo.png":["images/b2elogo.png"],"images/bannarss.jpg":["images/bannarss.jpg"],"images/banner.jpg":["images/banner.jpg"],"images/books.jpg":["images/books.jpg"],"images/certificate_img.png":["images/certificate_img.png"],"images/computer.png":["images/computer.png"],"images/contact_banner.png":["images/contact_banner.png"],"images/email.png":["images/email.png"],"images/freetextbookexpand img.png":["images/freetextbookexpand img.png"],"images/h.png":["images/h.png"],"images/hero banner video icon.png":["images/hero banner video icon.png"],"images/hero_banner11.jpg":["images/hero_banner11.jpg"],"images/hero_image11.jpg":["images/hero_image11.jpg"],"images/img.png":["images/img.png"],"images/integrio_about_us_layers_2_2.jpg":["images/integrio_about_us_layers_2_2.jpg"],"images/mens.jpg":["images/mens.jpg"],"images/mission arrow.png":["images/mission arrow.png"],"images/officee.png":["images/officee.png"],"images/officeimgexpand.png":["images/officeimgexpand.png"],"images/online.png":["images/online.png"],"images/our goal.png":["images/our goal.png"],"images/partners.png":["images/partners.png"],"images/portraitstaff 3.jpg":["images/portraitstaff 3.jpg"],"images/profesenol.png":["images/profesenol.png"],"images/programs.png":["images/programs.png"],"images/readinesscertification.png":["images/readinesscertification.png"],"images/readings.png":["images/readings.png"],"images/size.png":["images/size.png"],"images/skillsimgexpand.png":["images/skillsimgexpand.png"],"images/staff 4.jpg":["images/staff 4.jpg"],"images/yolo_png.png":["images/yolo_png.png"],"images/yolocurve.png":["images/yolocurve.png"],"images/yolooffice.png":["images/yolooffice.png"],"packages/cupertino_icons/assets/CupertinoIcons.ttf":["packages/cupertino_icons/assets/CupertinoIcons.ttf"],"packages/font_awesome_flutter/lib/fonts/fa-brands-400.ttf":["packages/font_awesome_flutter/lib/fonts/fa-brands-400.ttf"],"packages/font_awesome_flutter/lib/fonts/fa-regular-400.ttf":["packages/font_awesome_flutter/lib/fonts/fa-regular-400.ttf"],"packages/font_awesome_flutter/lib/fonts/fa-solid-900.ttf":["packages/font_awesome_flutter/lib/fonts/fa-solid-900.ttf"]}