[{"family":"MaterialIcons","fonts":[{"asset":"fonts/MaterialIcons-Regular.otf"}]},{"family":"OpenSans-Bold","fonts":[{"asset":"assets/fonts/open-sans/OpenSans-Bold.ttf"}]},{"family":"OpenSans-Italic","fonts":[{"asset":"assets/fonts/open-sans/OpenSans-Italic.ttf"}]},{"family":"OpenSans-Light","fonts":[{"asset":"assets/fonts/open-sans/OpenSans-Light.ttf"}]},{"family":"OpenSans-LightItalic","fonts":[{"asset":"assets/fonts/open-sans/OpenSans-LightItalic.ttf"}]},{"family":"OpenSans-Regular","fonts":[{"asset":"assets/fonts/open-sans/OpenSans-Regular.ttf"}]},{"family":"OpenSans-Semibold","fonts":[{"asset":"assets/fonts/open-sans/OpenSans-Semibold.ttf"}]},{"family":"OpenSans-SemiboldItalic","fonts":[{"asset":"assets/fonts/open-sans/OpenSans-SemiboldItalic.ttf"}]},{"family":"Poppins-Bold","fonts":[{"asset":"assets/fonts/poppins/Poppins-Bold.ttf"}]},{"family":"Poppins-Light","fonts":[{"asset":"assets/fonts/poppins/Poppins-Light.ttf"}]},{"family":"Poppins-Medium","fonts":[{"asset":"assets/fonts/poppins/Poppins-Medium.ttf"}]},{"family":"Poppins-Regular","fonts":[{"asset":"assets/fonts/poppins/Poppins-Regular.ttf"}]},{"family":"Poppins-SemiBold","fonts":[{"asset":"assets/fonts/poppins/Poppins-SemiBold.ttf"}]},{"family":"FontsFree-Net-Poppins-ExtraBold","fonts":[{"asset":"assets/fonts/poppins/FontsFree-Net-Poppins-ExtraBold.ttf"}]},{"family":"packages/cupertino_icons/CupertinoIcons","fonts":[{"asset":"packages/cupertino_icons/assets/CupertinoIcons.ttf"}]},{"family":"packages/font_awesome_flutter/FontAwesomeBrands","fonts":[{"weight":400,"asset":"packages/font_awesome_flutter/lib/fonts/fa-brands-400.ttf"}]},{"family":"packages/font_awesome_flutter/FontAwesomeRegular","fonts":[{"weight":400,"asset":"packages/font_awesome_flutter/lib/fonts/fa-regular-400.ttf"}]},{"family":"packages/font_awesome_flutter/FontAwesomeSolid","fonts":[{"weight":900,"asset":"packages/font_awesome_flutter/lib/fonts/fa-solid-900.ttf"}]}]